"RGB Hex","RGB Hex3","HSL","RGB","HTML Keyword"
"#ac7672","#b77","hsl(4,25,56)","rgb(172,118,114)","rosybrown"
"#ab756d","#b77","hsl(7,26,54)","rgb(171,117,109)","indianred"
"#aa7469","#b77","hsl(10,27,53)","rgb(170,116,105)","indianred"
"#aa7365","#b76","hsl(12,28,53)","rgb(170,115,101)","indianred"
"#a77161","#a76","hsl(13,28,51)","rgb(167,113,97)","indianred"
"#a57260","#a76","hsl(15,27,51)","rgb(165,114,96)","indianred"
"#a4725c","#a76","hsl(18,28,50)","rgb(164,114,92)","indianred"
"#a47258","#a76","hsl(20,30,49)","rgb(164,114,88)","indianred"
"#a37356","#a75","hsl(22,30,48)","rgb(163,115,86)","indianred"
"#a27554","#a75","hsl(25,31,48)","rgb(162,117,84)","indianred"
"#a37752","#a75","hsl(27,33,48)","rgb(163,119,82)","peru"
"#a37951","#a85","hsl(29,33,47)","rgb(163,121,81)","peru"
"#a47b4e","#a85","hsl(31,35,47)","rgb(164,123,78)","peru"
"#a27b49","#a85","hsl(33,37,46)","rgb(162,123,73)","peru"
"#a17d48","#a85","hsl(35,38,45)","rgb(161,125,72)","peru"
"#a28149","#a85","hsl(37,37,46)","rgb(162,129,73)","peru"
"#9f844a","#a85","hsl(40,36,45)","rgb(159,132,74)","peru"
"#9a8347","#a84","hsl(43,36,44)","rgb(154,131,71)","peru"
"#9c8a4c","#a95","hsl(46,34,45)","rgb(156,138,76)","peru"
"#9a8a4c","#a95","hsl(47,33,45)","rgb(154,138,76)","peru"
"#95894c","#995","hsl(50,32,44)","rgb(149,137,76)","gray"
"#8f8c4a","#995","hsl(57,31,42)","rgb(143,140,74)","olivedrab"
